Name;Team;Cl;Position;G;Solo Tack;Asst Tack;TT;FF;Int;Int Ret Yds;Int Ret TDs;Rejected/Blocked;Targeted;Rank;Solo Sack;Asst Sack;Sack Yds;Tot Sack
Chris Bergin;Northwestern;Sr.;LB;12;84.0;57.0;141.0;;;;;;;;;;;
Damone Clark;LSU;Sr.;LB;12;78.0;57.0;135.0;;;;;;;;;;;
Kyle Harmon;San Jose St.;Sr.;LB;12;72.0;61.0;133.0;;;;;;;;;;;
Chad Muma;Wyoming;Sr.;LB;13;85.0;57.0;142.0;;;;;;;;;;;
Avery Roberts;Oregon St.;Jr.;LB;12;65.0;63.0;128.0;;;;;;;;;;;
Carlton Martial;Troy;Jr.;LB;12;44.0;83.0;127.0;;;;;;;;;;;
Leo Chenal;Wisconsin;Jr.;LB;11;59.0;55.0;114.0;;;;;;;;;;;
Darren Anders;Bowling Green;Jr.;LB;12;56.0;68.0;124.0;;;;;;;;;;;
JJ Russell;Memphis;Sr.;LB;12;78.0;45.0;123.0;;;;;;;;;;;
Jack Campbell;Iowa;Jr.;LB;14;57.0;86.0;143.0;;;;;;;;;;;
Jackson Mitchell;UConn;Jr.;LB;12;48.0;72.0;120.0;;;;;;;;;;;
Jeremy Banks;Tennessee;Jr.;LB;13;59.0;69.0;128.0;;;;;;;;;;;
Jacoby Windmon;UNLV;Jr.;LB;12;71.0;47.0;118.0;;;;;;;;;;;
Nick Jackson;Virginia;Jr.;LB;12;54.0;63.0;117.0;;;;;;;;;;;
Ivan Pace Jr.;Miami (OH);Jr.;LB;13;60.0;65.0;125.0;;;;;;;;;;;
Bumper Pool;Arkansas;Sr.;LB;13;45.0;80.0;125.0;;;;;;;;;;;
James Patterson;Buffalo;Sr.;LB;12;48.0;66.0;114.0;;;;;;;;;;;
Kenny Logan Jr.;Kansas;Jr.;S;12;79.0;34.0;113.0;;;;;;;;;;;
Matthew Salopek;Miami (OH);So.;DB;12;69.0;43.0;112.0;;;;;;;;;;;
KD Davis;North Texas;Sr.;LB;13;51.0;70.0;121.0;;;;;;;;;;;
Malcolm Rodriguez;Oklahoma St.;Sr.;LB;14;76.0;54.0;130.0;;;;;;;;;;;
Mikel Jones;Syracuse;Jr.;LB;12;61.0;50.0;111.0;;;;;;;;;;;
Luke Reimer;Nebraska;So.;LB;12;61.0;48.0;109.0;;;;;;;;;;;
Tatum Bethune;UCF;Jr.;LB;12;60.0;48.0;108.0;;;;;;;;;;;
Justin Rice;Utah St.;Sr.;LB;14;61.0;63.0;124.0;;;;;;;;;;;
Jaylan Alexander;Purdue;Sr.;LB;13;69.0;45.0;114.0;;;;;;;;;;;
Quindell Johnson;Memphis;Jr.;DB;12;66.0;39.0;105.0;;;;;;;;;;;
Bryce Houston;Ohio;Jr.;LB;12;53.0;52.0;105.0;;;;;;;;;;;
Jaylin Thomas;Ball St.;Sr.;LB;13;56.0;57.0;113.0;;;;;;;;;;;
Quez Jackson;Georgia Tech;Jr.;LB;12;46.0;57.0;103.0;;;;;;;;;;;
D'Marco Jackson;App State;Sr.;LB;14;57.0;63.0;120.0;;;;;;;;;;;
Bryce Cosby;Ball St.;Sr.;DB;13;67.0;44.0;111.0;;;;;;;;;;;
Chance Campbell;Ole Miss;Sr.;LB;13;49.0;62.0;111.0;;;;;;;;;;;
Silas Kelly;Coastal Carolina;Sr.;LB;13;40.0;71.0;111.0;;;;;;;;;;;
Daiyan Henley;Nevada;Sr.;LB;12;61.0;41.0;102.0;;;;;;;;;;;
Reed Blankenship;Middle Tenn.;Sr.;S;13;75.0;35.0;110.0;;;;;;;;;;;
Josh Chandler-Semedo;West Virginia;Sr.;LB;13;68.0;42.0;110.0;;;;;;;;;;;
Abraham Beauplan;Marshall;Jr.;LB;13;43.0;67.0;110.0;;;;;;;;;;;
Cam'Ron Carter;Colorado St.;Sr.;LB;12;34.0;67.0;101.0;;;;;;;;;;;
Darius Muasau;Hawaii;Jr.;LB;13;64.0;45.0;109.0;;;;;;;;;;;
Jahad Woods;Washington St.;Sr.;LB;13;55.0;54.0;109.0;;;;;;;;;;;
Dean Clark;Kent St.;Jr.;S;14;78.0;39.0;117.0;;;;;;;;;;;
Ellis Brooks;Penn St.;Sr.;LB;12;53.0;47.0;100.0;;;;;;;;;;;
Drake Thomas;NC State;So.;LB;12;48.0;52.0;100.0;;;;;;;;;;;
Breon Hayward;UTEP;Sr.;LB;13;61.0;47.0;108.0;;;;;;;;;;;
Clayton Coll;Ball St.;Jr.;LB;13;51.0;57.0;108.0;;;;;;;;;;;
Nick Henrich;Nebraska;Fr.;LB;12;39.0;60.0;99.0;;;;;;;;;;;
Ayinde Eley;Georgia Tech;Jr.;LB;11;43.0;47.0;90.0;;;;;;;;;;;
Shaka Heyward;Duke;Jr.;LB;12;38.0;60.0;98.0;;;;;;;;;;;
Colin Schooler;Texas Tech;Sr.;LB;13;71.0;35.0;106.0;;;;;;;;;;;
Xavier Henderson;Michigan St.;Sr.;DB;13;61.0;35.0;96.0;;;;;;;;;;;
Cal Haladay;Michigan St.;Fr.;LB;13;39.0;57.0;96.0;;;;;;;;;;;
Tavian Combs;New Mexico;So.;DB;11;40.0;41.0;81.0;;;;;;;;;;;
Maxen Hook;Toledo;Fr.;S;13;38.0;57.0;95.0;;;;;;;;;;;
Jeslord Boateng;Akron;So.;LB;11;39.0;41.0;80.0;;;;;;;;;;;
Ryan Henry;Old Dominion;Jr.;LB;11;27.0;53.0;80.0;;;;;;;;;;;
Levani Damuni;Stanford;Jr.;LB;12;48.0;39.0;87.0;;;;;;;;;;;
Chandler Wooten;Auburn;Sr.;LB;13;55.0;39.0;94.0;;;;;;;;;;;
Darrian Beavers;Cincinnati;Sr.;LB;14;47.0;54.0;101.0;;;;;;;;;;;
JoJo Domann;Nebraska;Sr.;LB;10;45.0;27.0;72.0;;;;;;;;;;;
Jacquez Jones;Kentucky;Sr.;LB;12;40.0;46.0;86.0;;;;;;;;;;;
Cannon Blauser;Ohio;So.;LB;12;38.0;48.0;86.0;;;;;;;;;;;
Trey Dean III;Florida;Sr.;DB;13;41.0;52.0;93.0;;;;;;;;;;;
Noah Wilder;UAB;Sr.;LB;13;33.0;60.0;93.0;;;;;;;;;;;
Antwon Kincade;Western Ky.;Sr.;DB;14;54.0;46.0;100.0;;;;;;;;;;;
Fred Peters;Mississippi St.;Sr.;S;11;34.0;44.0;78.0;;;;;;;;;;;
Ethan Barr;Vanderbilt;So.;LB;12;44.0;41.0;85.0;;;;;;;;;;;
Jammie Robinson;Florida St.;So.;DB;12;42.0;43.0;85.0;;;;;;;;;;;
Jack Gibbens;Minnesota;Sr.;LB;13;56.0;36.0;92.0;;;;;;;;;;;
Dax Hollifield;Virginia Tech;Jr.;LB;13;44.0;48.0;92.0;;;;;;;;;;;
Tariq Speights;Eastern Mich.;Jr.;LB;13;18.0;74.0;92.0;;;;;;;;;;;
Evan Williams;Fresno St.;Jr.;DB;13;59.0;32.0;91.0;;;;;;;;;;;
R'Tarriun Johnson;Old Dominion;Jr.;S;13;49.0;42.0;91.0;;;;;;;;;;;
Jack Sanborn;Wisconsin;Sr.;LB;13;45.0;46.0;91.0;;;;;;;;;;;
Elery Alexander;Arkansas St.;Sr.;DB;12;54.0;30.0;84.0;;;;;;;;;;;
Dequan Jackson;Colorado St.;Sr.;LB;12;34.0;50.0;84.0;;;;;;;;;;;
Nathaniel Watson;Mississippi St.;Jr.;LB;12;33.0;51.0;84.0;;;;;;;;;;;
Brandon Drayton;Marshall;Sr.;S;10;36.0;34.0;70.0;;;;;;;;;;;
Gregory Grate;Middle Tenn.;Jr.;S;13;59.0;31.0;90.0;;;;;;;;;;;
Easton Gibbs;Wyoming;So.;LB;13;51.0;39.0;90.0;;;;;;;;;;;
Mark Robinson;Ole Miss;Sr.;LB;13;42.0;48.0;90.0;;;;;;;;;;;
James Skalski;Clemson;Sr.;LB;13;42.0;48.0;90.0;;;;;;;;;;;
Otis Reese;Ole Miss;Sr.;DB;13;33.0;57.0;90.0;;;;;;;;;;;
Nico Bolden;Kent St.;Sr.;S;12;47.0;36.0;83.0;;;;;;;;;;;
Micah Baskerville;LSU;Sr.;LB;12;40.0;43.0;83.0;;;;;;;;;;;
Devin Harper;Oklahoma St.;Sr.;LB;14;61.0;35.0;96.0;;;;;;;;;;;
Daniel Green;Kansas St.;Jr.;LB;13;69.0;20.0;89.0;;;;;;;;;;;
Nephi Sewell;Utah;Jr.;LB;13;54.0;35.0;89.0;;;;;;;;;;;
Blaze Alldredge;Missouri;Sr.;LB;13;53.0;36.0;89.0;;;;;;;;;;;
Blake Carroll;Georgia St.;Sr.;LB;13;48.0;41.0;89.0;;;;;;;;;;;
Lawson Hall;Nevada;Sr.;LB;13;44.0;45.0;89.0;;;;;;;;;;;
Teddy Gallagher;Coastal Carolina;Sr.;LB;13;40.0;49.0;89.0;;;;;;;;;;;
Arik Smith;Army West Point;Sr.;LB;13;39.0;50.0;89.0;;;;;;;;;;;
A.J. Finley;Ole Miss;Jr.;DB;13;36.0;53.0;89.0;;;;;;;;;;;
Omar Speights;Oregon St.;So.;LB;13;33.0;56.0;89.0;;;;;;;;;;;
Daniel Scott;California;Sr.;S;12;60.0;22.0;82.0;;;;;;;;;;;
Trevon Flowers;Tennessee;Sr.;DB;12;48.0;34.0;82.0;;;;;;;;;;;
Anthony Pandy;Arizona;Sr.;LB;12;46.0;36.0;82.0;;;;;;;;;;;
Tanner Ingle;NC State;Jr.;DB;12;39.0;43.0;82.0;;;;;;;;;;;
Justin Wright;Tulsa;Jr.;LB;12;39.0;43.0;82.0;;;;;;;;;;;
Markeveon Coleman;Texas St.;Sr.;LB;12;35.0;47.0;82.0;;;;;;;;;;;
Baylon Spector;Clemson;Sr.;LB;11;37.0;38.0;75.0;;;;;;;;;;;
Will Anderson Jr.;Alabama;So.;LB;15;58.0;44.0;102.0;;;;;;;;;;;
Darien Butler;Arizona St.;Sr.;LB;10;32.0;36.0;68.0;;;;;;;;;;;
Qwynnterrio Cole;Louisville;Sr.;DB;13;65.0;23.0;88.0;;;;;;;;;;;
Nasir Peoples;Virginia Tech;So.;DB;13;51.0;37.0;88.0;;;;;;;;;;;
Kyle Soelle;Arizona St.;Sr.;LB;13;43.0;45.0;88.0;;;;;;;;;;;
Jamal Hines;Toledo;Jr.;DE;13;37.0;51.0;88.0;;;;;;;;;;;
Sydney Brown;Illinois;Jr.;DB;12;50.0;31.0;81.0;;;;;;;;;;;
Brandon Smith;Penn St.;Jr.;LB;12;45.0;36.0;81.0;;;;;;;;;;;
Avery Young;Rutgers;Jr.;DB;12;42.0;39.0;81.0;;;;;;;;;;;
Juanyeh Thomas;Georgia Tech;Jr.;DB;12;38.0;43.0;81.0;;;;;;;;;;;
Gerrell Johnson;Massachusetts;Fr.;LB;12;29.0;52.0;81.0;;;;;;;;;;;
Ian Swenson;UConn;Sr.;LB;11;47.0;27.0;74.0;;;;;;;;;;;
DeMarvion Overshown;Texas;Sr.;LB;11;38.0;36.0;74.0;;;;;;;;;;;
Eldrick Robinson II;Ga. Southern;Fr.;LB;11;34.0;40.0;74.0;;;;;;;;;;;
Deshawn Pace;Cincinnati;So.;LB;14;45.0;49.0;94.0;;;;;;;;;;;
DeAngelo Malone;Western Ky.;Sr.;DE;14;44.0;50.0;94.0;;;;;;;;;;;
Nazeeh Johnson;Marshall;Sr.;S;10;43.0;24.0;67.0;;;;;;;;;;;
Jordan Lee;Nevada;Sr.;DB;13;68.0;19.0;87.0;;;;;;;;;;;
Darius Snow;Michigan St.;So.;S;13;61.0;26.0;87.0;;;;;;;;;;;
SirVocea Dennis;Pittsburgh;Jr.;LB;13;35.0;52.0;87.0;;;;;;;;;;;
Brandon Joseph;Northwestern;Jr.;DB;12;54.0;26.0;80.0;;;;;;;;;;;
Jason Henderson;Old Dominion;Fr.;LB;12;36.0;44.0;80.0;;;;;;;;;;;
Bryan Cook;Cincinnati;Sr.;S;14;55.0;38.0;93.0;;;;;;;;;;;
Mike Rose;Iowa St.;Sr.;LB;11;36.0;37.0;73.0;;;;;;;;;;;
Jaylen Kelly-Powell;Akron;Sr.;DB;11;33.0;40.0;73.0;;;;;;;;;;;
Chamarri Conner;Virginia Tech;Jr.;DB;13;57.0;29.0;86.0;;;;;;;;;;;
Rashad Torrence II;Florida;So.;DB;13;51.0;35.0;86.0;;;;;;;;;;;
Jett Johnson;Mississippi St.;Jr.;LB;13;37.0;49.0;86.0;;;;;;;;;;;
Dyontae Johnson;Toledo;Jr.;LB;13;35.0;51.0;86.0;;;;;;;;;;;
Rich Miller;Kansas;Jr.;LB;12;57.0;22.0;79.0;;;;;;;;;;;
Stefon Thompson;Syracuse;So.;LB;12;48.0;31.0;79.0;;;;;;;;;;;
Tarique Barnes;Illinois;So.;LB;12;44.0;35.0;79.0;;;;;;;;;;;
Tyler Murray;Charlotte;Sr.;LB;12;39.0;40.0;79.0;;;;;;;;;;;
AJ Musolino;Kent St.;Sr.;LB;14;48.0;44.0;92.0;;;;;;;;;;;
Caliph Brice;Fla. Atlantic;Sr.;LB;9;26.0;33.0;59.0;;;;;;;;;;;
Antonio Montero;Rice;Jr.;LB;9;21.0;38.0;59.0;;;;;;;;;;;
Coco Azema;Northwestern;So.;DB;11;47.0;25.0;72.0;;;;;;;;;;;
Luke Brockermeyer;Texas;Jr.;LB;11;36.0;36.0;72.0;;;;;;;;;;;
Mariano Sori-Marin;Minnesota;Sr.;LB;13;45.0;40.0;85.0;;;;;;;;;;;
Lorenzo McCaskill;Louisiana;Jr.;LB;13;41.0;44.0;85.0;;;;;;;;;;;
Dillon Doyle;Baylor;Jr.;LB;14;46.0;45.0;91.0;;;;;;;;;;;
Antonio Johnson;Texas A&M;So.;DB;12;54.0;24.0;78.0;;;;;;;;;;;
Caleb Mills;New Mexico St.;Sr.;DB;12;50.0;28.0;78.0;;;;;;;;;;;
Rodney Owens;Memphis;Sr.;DB;12;50.0;28.0;78.0;;;;;;;;;;;
Gavin Potter;Kansas;Jr.;LB;12;46.0;32.0;78.0;;;;;;;;;;;
Anthony Wilson;Ga. Southern;So.;DB;12;43.0;35.0;78.0;;;;;;;;;;;
Theo Jackson;Tennessee;Sr.;DB;12;37.0;41.0;78.0;;;;;;;;;;;
Delano Robinson;SMU;Sr.;LB;12;35.0;43.0;78.0;;;;;;;;;;;
Alan Tisdale;Virginia Tech;So.;LB;13;44.0;40.0;84.0;;;;;;;;;;;
Aaron Beasley;Tennessee;Jr.;LB;13;34.0;50.0;84.0;;;;;;;;;;;
Jay Ward;LSU;Jr.;DB;11;41.0;30.0;71.0;;;;;;;;;;;
Larry Nixon III;North Texas;Jr.;LB;11;33.0;38.0;71.0;;;;;;;;;;;
Martez Manuel;Missouri;Jr.;DB;12;60.0;17.0;77.0;;;;;;;;;;;
Micah McFadden;Indiana;Sr.;LB;12;49.0;28.0;77.0;;;;;;;;;;;
Lummie Young IV;Duke;Sr.;DB;10;31.0;33.0;64.0;;;;;;;;;;;
Angelo Grose;Michigan St.;So.;DB;13;60.0;23.0;83.0;;;;;;;;;;;
Quadric Bullard;UCF;So.;DB;13;59.0;24.0;83.0;;;;;;;;;;;
Jordan Mosley;Maryland;Sr.;DB;13;56.0;27.0;83.0;;;;;;;;;;;
Eric Monroe;Texas Tech;Sr.;DB;13;44.0;39.0;83.0;;;;;;;;;;;
Terry Myrick;Eastern Mich.;Sr.;LB;13;39.0;44.0;83.0;;;;;;;;;;;
Carson Bruener;Washington;Fr.;LB;11;48.0;22.0;70.0;;;;;;;;;;;
Jack Koerner;Iowa;Sr.;DB;14;62.0;27.0;89.0;;;;;;;;;;;
Patrick McMorris;San Diego St.;Jr.;DB;14;53.0;36.0;89.0;;;;;;;;;;;
Kenderick Duncan;Louisville;Jr.;DB;12;52.0;24.0;76.0;;;;;;;;;;;
Daniel Jackson;FIU;Sr.;LB;12;37.0;39.0;76.0;;;;;;;;;;;
Da'Shon Ross;Massachusetts;So.;LB;12;30.0;46.0;76.0;;;;;;;;;;;
Sione Tupou;Texas St.;Jr.;LB;12;20.0;56.0;76.0;;;;;;;;;;;
Jon Alexander;Charlotte;Sr.;DB;9;32.0;25.0;57.0;;;;;;;;;;;
Antavious Lane;Georgia St.;So.;DB;13;60.0;22.0;82.0;;;;;;;;;;;
Rashad Wisdom;UTSA;Jr.;S;14;67.0;21.0;88.0;;;;;;;;;;;
Sean Mahone;West Virginia;Sr.;S;13;54.0;27.0;81.0;;;;;;;;;;;
Gage Kreski;Central Mich.;Sr.;DB;13;51.0;30.0;81.0;;;;;;;;;;;
Yusuf Corker;Kentucky;Sr.;S;13;44.0;37.0;81.0;;;;;;;;;;;
Marquel Broughton;Army West Point;Jr.;DB;13;36.0;45.0;81.0;;;;;;;;;;;
Yohance Burnett;Tulsa;Sr.;LB;13;35.0;46.0;81.0;;;;;;;;;;;
Nehemiah Shelton;San Jose St.;Sr.;DB;10;47.0;15.0;62.0;;;;;;;;;;;
TJ Carter;TCU;Sr.;S;10;46.0;16.0;62.0;;;;;;;;;;;
Ricky Miezan;Stanford;Sr.;LB;11;37.0;31.0;68.0;;;;;;;;;;;
Dee Winters;TCU;Jr.;LB;12;53.0;21.0;74.0;;;;;;;;;;;
Zion Childress;Texas St.;Fr.;S;12;41.0;33.0;74.0;;;;;;;;;;;
Sy Dabney;Bowling Green;Sr.;DB;12;40.0;34.0;74.0;;;;;;;;;;;
Luke Martin;Charlotte;Sr.;LB;12;31.0;43.0;74.0;;;;;;;;;;;
Patrick Fields;Oklahoma;Sr.;S;13;47.0;33.0;80.0;;;;;;;;;;;
DeAndre Square;Kentucky;Sr.;LB;13;40.0;40.0;80.0;;;;;;;;;;;
Jake Hummel;Iowa St.;Sr.;LB;13;39.0;41.0;80.0;;;;;;;;;;;
Rashaad Harding;Liberty;Sr.;LB;13;33.0;47.0;80.0;;;;;;;;;;;
Mandela Lawrence-Burke;Kent St.;Sr.;LB;14;52.0;34.0;86.0;;;;;;;;;;;
Ferrod Gardner;Louisiana;Sr.;LB;11;30.0;37.0;67.0;;;;;;;;;;;
Macon Clark;Tulane;Jr.;S;12;55.0;18.0;73.0;;;;;;;;;;;
Devonni Reed;Central Mich.;Jr.;DB;12;44.0;29.0;73.0;;;;;;;;;;;
Dorian Williams;Tulane;So.;LB;12;44.0;29.0;73.0;;;;;;;;;;;
Shaq Bond;Utah St.;Sr.;S;13;54.0;25.0;79.0;;;;;;;;;;;
Luke Masterson;Wake Forest;Sr.;LB;14;57.0;28.0;85.0;;;;;;;;;;;
Elijah Hicks;California;Sr.;S;12;49.0;23.0;72.0;;;;;;;;;;;
Tre Jenkins;San Jose St.;Jr.;DB;12;49.0;23.0;72.0;;;;;;;;;;;
Joey Noble;New Mexico;Sr.;DL;12;42.0;30.0;72.0;;;;;;;;;;;
Jay Lenard;San Jose St.;Sr.;DB;12;36.0;36.0;72.0;;;;;;;;;;;
Troy Brown;Central Mich.;Sr.;LB;11;42.0;24.0;66.0;;;;;;;;;;;
Devon Matthews;Indiana;Sr.;DB;9;30.0;24.0;54.0;;;;;;;;;;;
Hunter Reynolds;Utah St.;Sr.;S;14;48.0;35.0;83.0;;;;;;;;;;;
Ryan Smenda, Jr.;Wake Forest;Jr.;LB;14;43.0;40.0;83.0;;;;;;;;;;;
Donavan Mutin;Houston;Jr.;LB;13;46.0;31.0;77.0;;;;;;;;;;;
Chris Ojoh;New Mexico St.;Jr.;LB;12;42.0;29.0;71.0;;;;;;;;;;;
Riley Whimpey;Boise St.;Sr.;LB;12;42.0;29.0;71.0;;;;;;;;;;;
M.J. Griffin;Temple;So.;S;11;42.0;23.0;65.0;;;;;;;;;;;
Durante Jones;UConn;Fr.;DB;10;34.0;25.0;59.0;;;;;;;;;;;
Muelu Iosefa;California;So.;LB;10;27.0;32.0;59.0;;;;;;;;;;;
Tyon Davis;Tulsa;Sr.;DB;13;61.0;15.0;76.0;;;;;;;;;;;
Tre Hawkins;Old Dominion;Jr.;CB;13;54.0;22.0;76.0;;;;;;;;;;;
Christian Izien;Rutgers;Jr.;DB;13;47.0;29.0;76.0;;;;;;;;;;;
Tyreke Davis;North Texas;Sr.;LB;13;44.0;32.0;76.0;;;;;;;;;;;
Armani Marsh;Washington St.;Sr.;DB;12;48.0;22.0;70.0;;;;;;;;;;;
Chris Moore;Georgia St.;Sr.;DB;12;41.0;29.0;70.0;;;;;;;;;;;
Charlie Thomas;Georgia Tech;Jr.;LB;12;35.0;35.0;70.0;;;;;;;;;;;
Jermaine Johnson;Florida St.;Sr.;DE;12;34.0;36.0;70.0;;;;;;;;;;;
Cam Jones;Indiana;Sr.;LB;11;43.0;21.0;64.0;;;;;;;;;;;
Jack Howell;Colorado St.;Fr.;DB;11;41.0;23.0;64.0;;;;;;;;;;;
DeMarcco Hellams;Alabama;Jr.;DB;15;54.0;33.0;87.0;;;;;;;;;;;
Brandon Hill;Pittsburgh;So.;DB;14;37.0;44.0;81.0;;;;;;;;;;;
Isaiah Graham-Mobley;Boston College;Sr.;LB;9;34.0;18.0;52.0;;;;;;;;;;;
Cody Fletcher;Kansas St.;Sr.;LB;13;45.0;30.0;75.0;;;;;;;;;;;
Jeremiah Gemmel;North Carolina;Sr.;LB;13;44.0;31.0;75.0;;;;;;;;;;;
Joe Foucha;Arkansas;Sr.;DB;13;34.0;41.0;75.0;;;;;;;;;;;
Xavier Cullens;Memphis;Sr.;LB;12;44.0;25.0;69.0;;;;;;;;;;;
Kalen DeLoach;Florida St.;So.;LB;12;38.0;31.0;69.0;;;;;;;;;;;
Scott Patchan;Colorado St.;Sr.;DL;12;35.0;34.0;69.0;;;;;;;;;;;
Noah Taylor;Virginia;Sr.;LB;12;28.0;41.0;69.0;;;;;;;;;;;
Ryan Selig;Western Mich.;So.;LB;11;41.0;22.0;63.0;;;;;;;;;;;
Troy Lefeged Jr.;Texas St.;Sr.;S;11;33.0;30.0;63.0;;;;;;;;;;;
Andrew Behm;Akron;Fr.;LB;11;26.0;37.0;63.0;;;;;;;;;;;
Marvin Grant;Purdue;So.;S;13;52.0;22.0;74.0;;;;;;;;;;;
Brad Johnson;South Carolina;Sr.;LB;13;41.0;33.0;74.0;;;;;;;;;;;
Jordan Battle;Alabama;Jr.;DB;15;50.0;35.0;85.0;;;;;;;;;;;
Isaiah Lewis;Colorado;Jr.;DB;12;50.0;18.0;68.0;;;;;;;;;;;
Vincent Davis;South Fla.;Jr.;S;12;43.0;25.0;68.0;;;;;;;;;;;
Max Tooley;BYU;So.;LB;12;37.0;31.0;68.0;;;;;;;;;;;
Dwayne Boyles;South Fla.;Jr.;LB;12;36.0;32.0;68.0;;;;;;;;;;;
Cory Gross Jr.;Buffalo;Jr.;DB;12;34.0;34.0;68.0;;;;;;;;;;;
Jurriente Davis;Middle Tenn.;So.;LB;12;32.0;36.0;68.0;;;;;;;;;;;
DJ Lundy;Florida St.;Fr.;LB;12;32.0;36.0;68.0;;;;;;;;;;;
Christian Young;Arizona;Jr.;DB;12;28.0;40.0;68.0;;;;;;;;;;;
Verone McKinley III;Oregon;So.;DB;14;44.0;35.0;79.0;;;;;;;;;;;
Trey Taylor;Air Force;So.;DB;11;39.0;23.0;62.0;;;;;;;;;;;
Ji'Ayir Brown;Penn St.;Sr.;S;13;61.0;12.0;73.0;;;;;;;;;;;
Tae Daley;Virginia Tech;Sr.;S;13;47.0;26.0;73.0;;;;;;;;;;;
Alonzo Addae;West Virginia;Sr.;S;13;45.0;28.0;73.0;;;;;;;;;;;
Justus Rogers;Washington St.;Sr.;LB;13;40.0;33.0;73.0;;;;;;;;;;;
Payton Wilgar;BYU;So.;LB;10;29.0;27.0;56.0;;;;;;;;;;;
Jarius Reimonenq;Arkansas St.;So.;DB;12;44.0;23.0;67.0;;;;;;;;;;;
Mark Perry;Colorado;Jr.;DB;12;42.0;25.0;67.0;;;;;;;;;;;
Sterling Weatherford;Miami (OH);Sr.;DB;12;40.0;27.0;67.0;;;;;;;;;;;
Kendall Williamson;Stanford;Sr.;S;12;40.0;27.0;67.0;;;;;;;;;;;
Peter McIntyre;Northwestern;Sr.;LB;12;30.0;37.0;67.0;;;;;;;;;;;
Elijah Garcia;Rice;Sr.;DL;12;26.0;41.0;67.0;;;;;;;;;;;
Johnny Hodges;Navy;Jr.;LB;9;22.0;28.0;50.0;;;;;;;;;;;
Divaad Wilson;UCF;Jr.;DB;13;41.0;31.0;72.0;;;;;;;;;;;
Riko Jeffers;Texas Tech;Sr.;LB;13;40.0;32.0;72.0;;;;;;;;;;;
Qwuantrezz Knight;UCLA;Sr.;DB;12;48.0;18.0;66.0;;;;;;;;;;;
Ezekiel Noa;Boise St.;Sr.;LB;12;28.0;38.0;66.0;;;;;;;;;;;
DaShaun White;Oklahoma;Sr.;LB;12;28.0;38.0;66.0;;;;;;;;;;;
Jaydon Grant;Oregon St.;Jr.;DB;13;31.0;40.0;71.0;;;;;;;;;;;
Enock Makonzo;Coastal Carolina;Sr.;LB;13;30.0;41.0;71.0;;;;;;;;;;;
Marcus Fuqua;Buffalo;So.;DB;11;31.0;29.0;60.0;;;;;;;;;;;
Demani Richardson;Texas A&M;Jr.;DB;12;44.0;21.0;65.0;;;;;;;;;;;
Raheem Layne;Indiana;Sr.;DB;12;43.0;22.0;65.0;;;;;;;;;;;
Tariq Carpenter;Georgia Tech;Sr.;DB;12;40.0;25.0;65.0;;;;;;;;;;;
Naeem Smith;Rice;Sr.;S;12;32.0;33.0;65.0;;;;;;;;;;;
Akileis Leroy;Fla. Atlantic;Sr.;LB;12;31.0;34.0;65.0;;;;;;;;;;;
KJ Robertson;Troy;Jr.;LB;12;31.0;34.0;65.0;;;;;;;;;;;
Merlin Robertson;Arizona St.;Sr.;LB;12;30.0;35.0;65.0;;;;;;;;;;;
Ronald Wilson;New Mexico;Fr.;DB;10;29.0;25.0;54.0;;;;;;;;;;;
Cole Godbout;Wyoming;Jr.;DT;13;39.0;31.0;70.0;;;;;;;;;;;
Desjuan Johnson;Toledo;Jr.;DE;13;32.0;38.0;70.0;;;;;;;;;;;
Daquan Evans;South Fla.;So.;DB;11;43.0;16.0;59.0;;;;;;;;;;;
Kyu Blu Kelly;Stanford;Jr.;CB;11;43.0;16.0;59.0;;;;;;;;;;;
Mekhi LaPointe;South Fla.;Jr.;DB;11;38.0;21.0;59.0;;;;;;;;;;;
Michael Edwards III;Ga. Southern;Fr.;LB;11;27.0;32.0;59.0;;;;;;;;;;;
Jalen Pitre;Baylor;Sr.;S;14;56.0;19.0;75.0;;;;;;;;;;;
Trey Cobb;App State;Sr.;LB;14;33.0;42.0;75.0;;;;;;;;;;;
Nick Heninger;Utah St.;Sr.;DE;14;31.0;44.0;75.0;;;;;;;;;;;
Quinn Perry;Colorado;Sr.;LB;12;43.0;21.0;64.0;;;;;;;;;;;
R.J. Roderick;South Carolina;Sr.;DB;12;40.0;24.0;64.0;;;;;;;;;;;
A.J. Brathwaite, Jr.;Western Ky.;So.;DB;12;39.0;25.0;64.0;;;;;;;;;;;
Jaquan Brisker;Penn St.;Sr.;S;12;38.0;26.0;64.0;;;;;;;;;;;
Alvin Floyd;Ohio;Sr.;DB;12;33.0;31.0;64.0;;;;;;;;;;;
A.J. DeShazor Jr.;South Alabama;Jr.;LB;12;30.0;34.0;64.0;;;;;;;;;;;
Caleb Bonner;Arkansas St.;Sr.;LB;12;25.0;39.0;64.0;;;;;;;;;;;
Cam'Ron Kelly;North Carolina;Jr.;DB;13;40.0;29.0;69.0;;;;;;;;;;;
Kitan Oladapo;Oregon St.;So.;DB;13;37.0;32.0;69.0;;;;;;;;;;;
Terry Jones;Old Dominion;Fr.;S;13;32.0;37.0;69.0;;;;;;;;;;;
Josh DeBerry;Boston College;Jr.;CB;10;38.0;15.0;53.0;;;;;;;;;;;
Lance Deveaux;Northern Ill.;Sr.;LB;14;47.0;27.0;74.0;;;;;;;;;;;
John Petrishen;Pittsburgh;Sr.;LB;14;29.0;45.0;74.0;;;;;;;;;;;
Jordan Hansen;Northern Ill.;So.;S;11;42.0;16.0;58.0;;;;;;;;;;;
TJ Harris;Troy;Jr.;S;11;33.0;25.0;58.0;;;;;;;;;;;
Jabari Johnson;ULM;Sr.;S;11;30.0;28.0;58.0;;;;;;;;;;;
Kevon Jones;UConn;Sr.;LB;11;16.0;42.0;58.0;;;;;;;;;;;
Christian Harris;Alabama;Jr.;LB;15;45.0;34.0;79.0;;;;;;;;;;;
Tony Adams;Illinois;Sr.;DB;12;47.0;16.0;63.0;;;;;;;;;;;
Jamal Ligon;UTSA;So.;LB;12;28.0;35.0;63.0;;;;;;;;;;;
Jaylon Carlies;Missouri;So.;DB;13;55.0;13.0;68.0;;;;;;;;;;;
Corvin Moment;Western Mich.;Jr.;LB;13;50.0;18.0;68.0;;;;;;;;;;;
C.J. Coldon;Wyoming;Jr.;CB;13;48.0;20.0;68.0;;;;;;;;;;;
Zaire Barnes;Western Mich.;Jr.;LB;13;45.0;23.0;68.0;;;;;;;;;;;
T.D. Roof;App State;Sr.;LB;13;41.0;27.0;68.0;;;;;;;;;;;
Cory McCoy;Marshall;Sr.;S;13;30.0;38.0;68.0;;;;;;;;;;;
Phil Campbell;Pittsburgh;Sr.;LB;13;27.0;41.0;68.0;;;;;;;;;;;
Adam Sparks;ULM;Sr.;CB;9;28.0;19.0;47.0;;;;;;;;;;;
Devon Witherspoon;Illinois;So.;DB;10;42.0;10.0;52.0;;;;;;;;;;;
Garrett Williams;Syracuse;So.;DB;10;36.0;16.0;52.0;;;;;;;;;;;
Delarrin Turner-Yell;Oklahoma;Sr.;S;10;35.0;17.0;52.0;;;;;;;;;;;
Isaiah Pola-Mao;Southern California;Sr.;S;11;41.0;16.0;57.0;;;;;;;;;;;
Donte Lindsey;Massachusetts;So.;DB;11;38.0;19.0;57.0;;;;;;;;;;;
Alex Odom;Temple;So.;S;11;38.0;19.0;57.0;;;;;;;;;;;
Dy'vonne Inyang;UTEP;Sr.;DB;11;35.0;22.0;57.0;;;;;;;;;;;
Daniel Isom;Washington St.;Sr.;DB;11;27.0;30.0;57.0;;;;;;;;;;;
Dadrion Taylor-Demerson;Texas Tech;Jr.;DB;12;41.0;21.0;62.0;;;;;;;;;;;
Javon Scruggs;Liberty;Jr.;S;12;39.0;23.0;62.0;;;;;;;;;;;
Arnold Ebiketie;Penn St.;Sr.;DE;12;34.0;28.0;62.0;;;;;;;;;;;
Markees Watts;Charlotte;Sr.;DE;12;34.0;28.0;62.0;;;;;;;;;;;
Gabe Reid;Stanford;Sr.;LB;12;33.0;29.0;62.0;;;;;;;;;;;
Antonio Moultrie;UAB;Jr.;DL;12;24.0;38.0;62.0;;;;;;;;;;;
Brett Anderson;Ball St.;Sr.;S;13;47.0;20.0;67.0;;;;;;;;;;;
Nick Cross;Maryland;Jr.;DB;13;45.0;22.0;67.0;;;;;;;;;;;
Kieren Douglas;Purdue;Sr.;LB;13;40.0;27.0;67.0;;;;;;;;;;;
Nick Anderson;Tulane;Jr.;LB;11;40.0;16.0;56.0;;;;;;;;;;;
JoJuan Claiborne;Nevada;Sr.;DB;12;44.0;17.0;61.0;;;;;;;;;;;
Bryce Jackson;UNLV;Sr.;DB;12;42.0;19.0;61.0;;;;;;;;;;;
Kyron Johnson;Kansas;Sr.;DE;12;41.0;20.0;61.0;;;;;;;;;;;
Alontae Taylor;Tennessee;Sr.;DB;12;41.0;20.0;61.0;;;;;;;;;;;
Curtis Jacobs;Penn St.;So.;LB;12;39.0;22.0;61.0;;;;;;;;;;;
Kam Arnold;Boston College;So.;LB;12;35.0;26.0;61.0;;;;;;;;;;;
Jesse Luketa;Penn St.;Sr.;LB;12;34.0;27.0;61.0;;;;;;;;;;;
Ralen Goforth;Southern California;Jr.;LB;12;31.0;30.0;61.0;;;;;;;;;;;
Da'Quan Johnson;Duke;So.;S;12;29.0;32.0;61.0;;;;;;;;;;;
Mike Brown;Miami (OH);Sr.;DB;13;37.0;29.0;66.0;;;;;;;;;;;
Jaden Hunter;Western Ky.;Jr.;DE;13;35.0;31.0;66.0;;;;;;;;;;;
Cameron Thomas;San Diego St.;Jr.;DL;14;30.0;41.0;71.0;;;;;;;;;;;
Nick Rattin;Northern Ill.;So.;LB;14;29.0;42.0;71.0;;;;;;;;;;;
Erick Hallett;Pittsburgh;Jr.;DB;14;45.0;25.0;70.0;;;;;;;;;;;
Kolby Harvell-Peel;Oklahoma St.;Sr.;S;14;42.0;28.0;70.0;;;;;;;;;;;
Ty Van Fossen;Cincinnati;Jr.;LB;14;42.0;28.0;70.0;;;;;;;;;;;
Traveon Redd;Wake Forest;Sr.;DB;14;40.0;30.0;70.0;;;;;;;;;;;
J.T. Wahee;Ball St.;Sr.;S;13;52.0;13.0;65.0;;;;;;;;;;;
Tre Bugg III;Air Force;Sr.;DB;13;50.0;15.0;65.0;;;;;;;;;;;
George Hicks III;Washington St.;Sr.;DB;13;45.0;20.0;65.0;;;;;;;;;;;
Cam Allen;Purdue;Jr.;S;13;44.0;21.0;65.0;;;;;;;;;;;
Keith Sherald Jr.;Kent St.;Sr.;DB;13;42.0;23.0;65.0;;;;;;;;;;;
Trenton Simpson;Clemson;So.;LB;13;41.0;24.0;65.0;;;;;;;;;;;
Damani Staley;South Carolina;Sr.;LB;13;40.0;25.0;65.0;;;;;;;;;;;
Christian Albright;Ball St.;Sr.;LB;13;34.0;31.0;65.0;;;;;;;;;;;
Ty'Ron Hopper;Florida;So.;LB;13;34.0;31.0;65.0;;;;;;;;;;;
Jimmy Phillips, Jr.;SMU;Sr.;LB;12;39.0;21.0;60.0;;;;;;;;;;;
Jamoi Hodge;TCU;So.;LB;12;36.0;24.0;60.0;;;;;;;;;;;
Marlowe Wax;Syracuse;So.;LB;12;36.0;24.0;60.0;;;;;;;;;;;
Corey Flagg, Jr.;Miami (FL);So.;LB;12;35.0;25.0;60.0;;;;;;;;;;;
Hayes Maples;Southern Miss.;So.;LB;12;31.0;29.0;60.0;;;;;;;;;;;
Cameron Lewis;LSU;Sr.;DB;11;34.0;21.0;55.0;;;;;;;;;;;
Thomas Pickens;Memphis;Sr.;LB;10;35.0;15.0;50.0;;;;;;;;;;;
Matthew Hill;South Fla.;So.;S;10;33.0;17.0;50.0;;;;;;;;;;;
Melique Straker;Arkansas St.;So.;LB;10;30.0;20.0;50.0;;;;;;;;;;;
Daxton Hill;Michigan;Jr.;DB;14;41.0;28.0;69.0;;;;;;;;;;;
Nick Hampton;App State;Jr.;LB;14;36.0;33.0;69.0;;;;;;;;;;;
Mykael Wright;Oregon;So.;CB;13;46.0;18.0;64.0;;;;;;;;;;;
Jalen Graham;Purdue;Jr.;LB;13;45.0;19.0;64.0;;;;;;;;;;;
Smoke Monday;Auburn;Sr.;DB;13;44.0;20.0;64.0;;;;;;;;;;;
Nick Herbig;Wisconsin;So.;LB;13;41.0;23.0;64.0;;;;;;;;;;;
Cedrick Cunningham Jr.;Army West Point;Sr.;DB;13;35.0;29.0;64.0;;;;;;;;;;;
Tommy Eichenberg;Ohio St.;Jr.;LB;13;33.0;31.0;64.0;;;;;;;;;;;
Alex Spillum;Coastal Carolina;Sr.;S;13;30.0;34.0;64.0;;;;;;;;;;;
Leon O'Neal;Texas A&M;Sr.;DB;12;38.0;21.0;59.0;;;;;;;;;;;
Keith Gallmon Jr.;South Alabama;Jr.;S;12;37.0;22.0;59.0;;;;;;;;;;;
Jaxen Turner;Arizona;So.;DB;12;34.0;25.0;59.0;;;;;;;;;;;
Jordan Revels;Texas St.;So.;DL;12;29.0;30.0;59.0;;;;;;;;;;;
Thomas Booker;Stanford;Sr.;DE;12;28.0;31.0;59.0;;;;;;;;;;;
Hunter Webb;UConn;Jr.;LB;12;27.0;32.0;59.0;;;;;;;;;;;
Teja Young;Fla. Atlantic;So.;S;12;25.0;34.0;59.0;;;;;;;;;;;
Amari Gainer;Florida St.;So.;LB;12;24.0;35.0;59.0;;;;;;;;;;;
Dorian Mausi;Duke;So.;LB;12;23.0;36.0;59.0;;;;;;;;;;;
Quentin Lake;UCLA;Sr.;DB;11;40.0;14.0;54.0;;;;;;;;;;;
Reggie Pearson;Texas Tech;Jr.;DB;11;38.0;16.0;54.0;;;;;;;;;;;
BeeJay Williamson;Louisiana Tech;So.;DB;11;31.0;23.0;54.0;;;;;;;;;;;
Jarren Hampton;Ohio;Sr.;DB;10;26.0;23.0;49.0;;;;;;;;;;;
Jeremiah Moon;Florida;Sr.;LB;10;20.0;29.0;49.0;;;;;;;;;;;
Lewis Cine;Georgia;Jr.;DB;15;43.0;30.0;73.0;;;;;;;;;;;
Deandre Pierce;Arizona St.;Sr.;DB;13;38.0;25.0;63.0;;;;;;;;;;;
Ron Stone, Jr.;Washington St.;Jr.;DE;13;34.0;29.0;63.0;;;;;;;;;;;
Jose Ramirez;Eastern Mich.;So.;DL;13;32.0;31.0;63.0;;;;;;;;;;;
Keidron Smith;Ole Miss;Sr.;DB;13;31.0;32.0;63.0;;;;;;;;;;;
Will Boler;UAB;Jr.;S;13;30.0;33.0;63.0;;;;;;;;;;;
Greg Rubin;Memphis;Fr.;DB;12;38.0;20.0;58.0;;;;;;;;;;;
Edgerrin Cooper;Texas A&M;Fr.;LB;12;37.0;21.0;58.0;;;;;;;;;;;
Malik Dixon;UConn;Jr.;DB;12;37.0;21.0;58.0;;;;;;;;;;;
Kivon Bennett;Arkansas St.;Jr.;DL;12;28.0;30.0;58.0;;;;;;;;;;;
Josh Pearcy;Rice;Fr.;LB;12;24.0;34.0;58.0;;;;;;;;;;;
AJ Thomas;Western Mich.;Sr.;DB;11;42.0;11.0;53.0;;;;;;;;;;;
Will Ignont;Western Ky.;Jr.;LB;11;32.0;21.0;53.0;;;;;;;;;;;
Alec Mock;Air Force;So.;LB;11;32.0;21.0;53.0;;;;;;;;;;;
Josh Wallace;Massachusetts;Sr.;CB;11;32.0;21.0;53.0;;;;;;;;;;;
Tyshon Fogg;Rutgers;Sr.;LB;11;21.0;32.0;53.0;;;;;;;;;;;
Nakobe Dean;Georgia;Jr.;LB;15;36.0;36.0;72.0;;;;;;;;;;;
Zion Puckett;Auburn;So.;DB;10;35.0;13.0;48.0;;;;;;;;;;;
Noah Williams;Stanford;Sr.;S;9;28.0;15.0;43.0;;;;;;;;;;;
Yvandy Rigby;Temple;So.;LB;9;21.0;22.0;43.0;;;;;;;;;;;
Tayler Hawkins;San Diego St.;Sr.;DB;13;48.0;14.0;62.0;;;;;;;;;;;
Ruben Hyppolite II;Maryland;So.;LB;13;39.0;23.0;62.0;;;;;;;;;;;
Dillon Thomas;Northern Ill.;Sr.;DB;13;35.0;27.0;62.0;;;;;;;;;;;
Kerby Joseph;Illinois;Jr.;DB;12;41.0;16.0;57.0;;;;;;;;;;;
Quinton Newsome;Nebraska;So.;DB;12;38.0;19.0;57.0;;;;;;;;;;;
Joe Ozougwu;Arkansas St.;Sr.;DL;12;33.0;24.0;57.0;;;;;;;;;;;
Jordan Anderson;Bowling Green;Jr.;DB;12;31.0;26.0;57.0;;;;;;;;;;;
Zayin West;Kent St.;Sr.;DL;12;30.0;27.0;57.0;;;;;;;;;;;
Quae Drake;ULM;Sr.;LB;12;27.0;30.0;57.0;;;;;;;;;;;
Demarvin Leal;Texas A&M;Jr.;DL;12;27.0;30.0;57.0;;;;;;;;;;;
Garrett Nelson;Nebraska;So.;LB;12;25.0;32.0;57.0;;;;;;;;;;;
Bruce Bivens;East Carolina;Sr.;LB;12;22.0;35.0;57.0;;;;;;;;;;;
D.J. Davidson;Arizona St.;Sr.;DL;12;21.0;36.0;57.0;;;;;;;;;;;
Nook Bradford;TCU;Jr.;S;11;41.0;11.0;52.0;;;;;;;;;;;
Nick Giacolone;New Mexico St.;So.;LB;11;25.0;27.0;52.0;;;;;;;;;;;
Santrell Latham;Southern Miss.;Jr.;LB;11;24.0;28.0;52.0;;;;;;;;;;;
Kempton Shine;Eastern Mich.;Fr.;DB;10;27.0;20.0;47.0;;;;;;;;;;;
Cedric Boswell;Miami (OH);Sr.;DB;13;50.0;11.0;61.0;;;;;;;;;;;
Carrington Valentine;Kentucky;So.;DB;13;46.0;15.0;61.0;;;;;;;;;;;
Yasir Abdullah;Louisville;Sr.;LB;13;43.0;18.0;61.0;;;;;;;;;;;
Malachi Langley;Fresno St.;So.;LB;13;38.0;23.0;61.0;;;;;;;;;;;
Percy Butler;Louisiana;Jr.;S;13;37.0;24.0;61.0;;;;;;;;;;;
Jack Fagot;Louisville;Sr.;DB;13;37.0;24.0;61.0;;;;;;;;;;;
Colby Wooden;Auburn;So.;DL;13;34.0;27.0;61.0;;;;;;;;;;;
Malkelm Morrison;Army West Point;Sr.;LB;13;29.0;32.0;61.0;;;;;;;;;;;
Gabe Taylor;Rice;Fr.;DB;12;44.0;12.0;56.0;;;;;;;;;;;
Ja'Quan McMillian;East Carolina;So.;CB;12;38.0;18.0;56.0;;;;;;;;;;;
Isheem Young;Iowa St.;So.;DB;12;33.0;23.0;56.0;;;;;;;;;;;
Jaiden Woodbey;Boston College;Jr.;S;12;29.0;27.0;56.0;;;;;;;;;;;
Andre White;Texas A&M;Jr.;LB;12;27.0;29.0;56.0;;;;;;;;;;;
Shaine Hailey;SMU;Sr.;LB;12;26.0;30.0;56.0;;;;;;;;;;;
Alvinoski LaFleur;Eastern Mich.;Sr.;DB;11;33.0;18.0;51.0;;;;;;;;;;;
William Kwenkeu;Temple;Sr.;LB;11;31.0;20.0;51.0;;;;;;;;;;;
Caeveon Patton;Texas St.;Sr.;DL;11;21.0;30.0;51.0;;;;;;;;;;;
Emmanuel Forbes;Mississippi St.;So.;DB;13;46.0;14.0;60.0;;;;;;;;;;;
Eugene Ford;Hawaii;Sr.;DB;13;41.0;19.0;60.0;;;;;;;;;;;
Scott Nelson;Wisconsin;Sr.;S;13;40.0;20.0;60.0;;;;;;;;;;;
Corvan Taylor;Air Force;Sr.;DB;13;33.0;27.0;60.0;;;;;;;;;;;
Greg Eisworth;Iowa St.;Sr.;DB;13;32.0;28.0;60.0;;;;;;;;;;;
Cole Mashburn;Memphis;So.;LB;10;26.0;20.0;46.0;;;;;;;;;;;
Johnathan Butler;Middle Tenn.;Jr.;LB;10;21.0;25.0;46.0;;;;;;;;;;;
Jadon Candy;Tulane;Fr.;DB;12;42.0;13.0;55.0;;;;;;;;;;;
Jartavius Martin;Illinois;Jr.;DB;12;33.0;22.0;55.0;;;;;;;;;;;
Josh Carr;Southern Miss.;Jr.;LB;12;32.0;23.0;55.0;;;;;;;;;;;
Jay Stanley;Southern Miss.;So.;DB;12;30.0;25.0;55.0;;;;;;;;;;;
Drew White;Notre Dame;Sr.;LB;12;30.0;25.0;55.0;;;;;;;;;;;
Te'Rai Powell;Massachusetts;Fr.;DB;12;28.0;27.0;55.0;;;;;;;;;;;
Jordan Genmark Heath;UCLA;Sr.;LB;12;23.0;32.0;55.0;;;;;;;;;;;
Felix Anudike-Uzomah;Kansas St.;So.;DE;13;;;;6.0;;;;;;;;;;
Isaiah Foskey;Notre Dame;Jr.;DL;13;;;;6.0;;;;;;;;;;
Arron Mosby;Fresno St.;Sr.;DE;13;;;;6.0;;;;;;;;;;
Michael McMorris;Navy;Sr.;DB;12;;;;5.0;;;;;;;;;;
Jordan Lee;Nevada;Sr.;DB;13;;;;5.0;;;;;;;;;;
Will McDonald;Iowa St.;Jr.;DE;13;;;;5.0;;;;;;;;;;
Darius Muasau;Hawaii;Jr.;LB;13;;;;5.0;;;;;;;;;;
Santrell Latham;Southern Miss.;Jr.;LB;11;;;;4.0;;;;;;;;;;
Nick Heninger;Utah St.;Sr.;DE;14;;;;5.0;;;;;;;;;;
David Ojabo;Michigan;Jr.;LB;14;;;;5.0;;;;;;;;;;
Mitchell Agude;UCLA;Sr.;LB;12;;;;4.0;;;;;;;;;;
DeWayne Carter;Duke;So.;DL;12;;;;4.0;;;;;;;;;;
Elijah Hicks;California;Sr.;S;12;;;;4.0;;;;;;;;;;
Kyron Johnson;Kansas;Sr.;DE;12;;;;4.0;;;;;;;;;;
Issiah Nixon;Texas St.;Fr.;LB;12;;;;4.0;;;;;;;;;;
Scott Patchan;Colorado St.;Sr.;DL;12;;;;4.0;;;;;;;;;;
Marcus Valdez;Boston College;Sr.;DE;9;;;;3.0;;;;;;;;;;
Chance Campbell;Ole Miss;Sr.;LB;13;;;;4.0;;;;;;;;;;
Andre Carter II;Army West Point;Jr.;LB;13;;;;4.0;;;;;;;;;;
Cam Goode;UCF;Jr.;DL;13;;;;4.0;;;;;;;;;;
D'Anthony Jones;Houston;Jr.;DL;13;;;;4.0;;;;;;;;;;
Alonzo McCoy;Central Mich.;Sr.;DB;13;;;;4.0;;;;;;;;;;
Vince Sanford;Air Force;Jr.;LB;13;;;;4.0;;;;;;;;;;
Sam Williams;Ole Miss;Sr.;DL;13;;;;4.0;;;;;;;;;;
DeAngelo Malone;Western Ky.;Sr.;DE;14;;;;4.0;;;;;;;;;;
Malcolm Rodriguez;Oklahoma St.;Sr.;LB;14;;;;4.0;;;;;;;;;;
Jack Jones;Arizona St.;Sr.;DB;11;;;;3.0;;;;;;;;;;
Teagan Wilk;East Carolina;Fr.;S;11;;;;3.0;;;;;;;;;;
Turner Coxe;SMU;Sr.;DE;12;;;;3.0;;;;;;;;;;
Jordan Domineck;Georgia Tech;So.;DL;12;;;;3.0;;;;;;;;;;
Viliami Fehoko;San Jose St.;Jr.;DL;12;;;;3.0;;;;;;;;;;
Gerrell Johnson;Massachusetts;Fr.;LB;12;;;;3.0;;;;;;;;;;
George Karlaftis;Purdue;Jr.;DE;12;;;;3.0;;;;;;;;;;
Jackson Mitchell;UConn;Jr.;LB;12;;;;3.0;;;;;;;;;;
R.J. Oben;Duke;So.;DL;12;;;;3.0;;;;;;;;;;
Chris Ojoh;New Mexico St.;Jr.;LB;12;;;;3.0;;;;;;;;;;
Luke Reimer;Nebraska;So.;LB;12;;;;3.0;;;;;;;;;;
Isaiah Thomas;Oklahoma;Sr.;DL;12;;;;3.0;;;;;;;;;;
Ji'Ayir Brown;Penn St.;Sr.;S;13;;;;;6.0;112.0;1.0;;;;;;;
Brandon Sebastian;Boston College;Sr.;CB;9;;;;;4.0;0.0;0.0;;;;;;;
Verone McKinley III;Oregon;So.;DB;14;;;;;6.0;-1.0;0.0;;;;;;;
JT Woods;Baylor;Sr.;S;14;;;;;6.0;109.0;1.0;;;;;;;
Kerby Joseph;Illinois;Jr.;DB;12;;;;;5.0;12.0;0.0;;;;;;;
Ja'Quan McMillian;East Carolina;So.;CB;12;;;;;5.0;42.0;1.0;;;;;;;
Darrell Luter Jr.;South Alabama;Jr.;CB;10;;;;;4.0;29.0;0.0;;;;;;;
Khoury Bethley;Hawaii;Sr.;DB;13;;;;;5.0;120.0;1.0;;;;;;;
Montaric Brown;Arkansas;Sr.;DB;13;;;;;5.0;0.0;0.0;;;;;;;
Jaylan Foster;South Carolina;Sr.;DB;13;;;;;5.0;39.0;0.0;;;;;;;
Marcus Jones;Houston;Sr.;CB;13;;;;;5.0;2.0;0.0;;;;;;;
Antavious Lane;Georgia St.;So.;DB;13;;;;;5.0;73.0;1.0;;;;;;;
Riley Moss;Iowa;Sr.;DB;11;;;;;4.0;85.0;2.0;;;;;;;
Jermaine Waller;Virginia Tech;Jr.;DB;11;;;;;4.0;67.0;1.0;;;;;;;
Dane Belton;Iowa;Jr.;DB;14;;;;;5.0;0.0;0.0;;;;;;;
Steven Jones;App State;Sr.;DB;14;;;;;5.0;97.0;3.0;;;;;;;
Macon Clark;Tulane;Jr.;S;12;;;;;4.0;78.0;0.0;;;;;;;
Daiyan Henley;Nevada;Sr.;LB;12;;;;;4.0;59.0;1.0;;;;;;;
TieNeal Martin;Tulsa;Sr.;DB;12;;;;;4.0;0.0;0.0;;;;;;;
Jammie Robinson;Florida St.;So.;DB;12;;;;;4.0;77.0;0.0;;;;;;;
Warren Saba;East Carolina;Sr.;S;12;;;;;4.0;31.0;0.0;;;;;;;
Naeem Smith;Rice;Sr.;S;12;;;;;4.0;22.0;0.0;;;;;;;
Cam Allen;Purdue;Jr.;S;13;;;;;4.0;31.0;0.0;;;;;;;
Jaylon Carlies;Missouri;So.;DB;13;;;;;4.0;51.0;0.0;;;;;;;
Jermari Harris;Iowa;So.;DB;13;;;;;4.0;0.0;0.0;;;;;;;
Cam'Ron Kelly;North Carolina;Jr.;DB;13;;;;;4.0;24.0;0.0;;;;;;;
Montre Miller;Kent St.;Jr.;DB;13;;;;;4.0;3.0;0.0;;;;;;;
Jaylin Thomas;Ball St.;Sr.;LB;13;;;;;4.0;54.0;0.0;;;;;;;
Russ Yeast;Kansas St.;Sr.;DB;13;;;;;4.0;11.0;0.0;;;;;;;
Darien Butler;Arizona St.;Sr.;LB;10;;;;;3.0;0.0;0.0;;;;;;;
Samy Johnson;Arkansas St.;So.;DB;10;;;;;3.0;23.0;0.0;;;;;;;
Max Melton;Rutgers;Fr.;DB;10;;;;;3.0;46.0;1.0;;;;;;;
Delarrin Turner-Yell;Oklahoma;Sr.;S;10;;;;;3.0;0.0;0.0;;;;;;;
Devin Lloyd;Utah;Jr.;LB;14;;;;;4.0;36.0;2.0;;;;;;;
Patrick McMorris;San Diego St.;Jr.;DB;14;;;;;4.0;61.0;0.0;;;;;;;
Deshawn Pace;Cincinnati;So.;LB;14;;;;;4.0;78.0;0.0;;;;;;;
Xavion Alford;Southern California;Fr.;S;11;;;;;3.0;0.0;0.0;;;;;;;
Joey Blount;Virginia;Sr.;DB;11;;;;;3.0;60.0;0.0;;;;;;;
Andrew Booth Jr.;Clemson;Jr.;CB;11;;;;;3.0;0.0;0.0;;;;;;;
Phillip Hill;UNLV;Jr.;DB;11;;;;;3.0;35.0;0.0;;;;;;;
Dy'vonne Inyang;UTEP;Sr.;DB;11;;;;;3.0;28.0;0.0;;;;;;;
Ricky Johnson;UNLV;So.;DB;11;;;;;3.0;1.0;0.0;;;;;;;
Jack Jones;Arizona St.;Sr.;DB;11;;;;;3.0;-1.0;0.0;;;;;;;
Quentin Lake;UCLA;Sr.;DB;11;;;;;3.0;23.0;0.0;;;;;;;
John Saunders Jr.;Miami (OH);So.;DB;11;;;;;3.0;66.0;1.0;;;;;;;
Cam Smith;South Carolina;So.;DB;11;;;;;3.0;10.0;0.0;;;;;;;
Collin Wilder;Wisconsin;Sr.;S;11;;;;;3.0;53.0;0.0;;;;;;;
Tyson Williams;Nevada;Sr.;DB;11;;;;;3.0;67.0;1.0;;;;;;;
BeeJay Williamson;Louisiana Tech;So.;DB;11;;;;;3.0;62.0;1.0;;;;;;;
Derion Kendrick;Georgia;Sr.;CB;15;;;;;4.0;14.0;0.0;;;;;;;
Ja'Quan McMillian;East Carolina;So.;CB;12;;;;;5.0;;;16.0;21.0;;;;;
Cortez Davis;Hawaii;Sr.;DB;13;;;;;1.0;;;18.0;19.0;;;;;
Nehemiah Shelton;San Jose St.;Sr.;DB;10;;;;;2.0;;;12.0;14.0;;;;;
Darrell Luter Jr.;South Alabama;Jr.;CB;10;;;;;4.0;;;10.0;14.0;;;;;
Samuel Womack;Toledo;Sr.;CB;13;;;;;2.0;;;16.0;18.0;;;;;
Marcus Jones;Houston;Sr.;CB;13;;;;;5.0;;;13.0;18.0;;;;;
Roger McCreary;Auburn;Sr.;DB;12;;;;;2.0;;;14.0;16.0;;;;;
Jakorian Bennett;Maryland;Sr.;DB;12;;;;;3.0;;;13.0;16.0;;;;;
Cam Smith;South Carolina;So.;DB;11;;;;;3.0;;;11.0;14.0;;;;;
Trenton Thompson;San Diego St.;Sr.;DB;14;;;;;3.0;;;14.0;17.0;;;;;
Bobby Brown, II;San Jose St.;Sr.;DB;11;;;;;0.0;;;13.0;13.0;;;;;
Roger Cray;Old Dominion;Sr.;CB;11;;;;;1.0;;;12.0;13.0;;;;;
Kyu Blu Kelly;Stanford;Jr.;CB;11;;;;;2.0;;;11.0;13.0;;;;;
Greg Rubin;Memphis;Fr.;DB;12;;;;;0.0;;;14.0;14.0;;;;;
Micah Abraham;Marshall;So.;DB;13;;;;;1.0;;;14.0;15.0;;;;;
Donte Kent;Central Mich.;Fr.;DB;13;;;;;1.0;;;14.0;15.0;;;;;
Andre Carter II;Army West Point;Jr.;LB;13;;;;;;;;;;1;14.0;3.0;88.0;15.5
Will Anderson Jr.;Alabama;So.;LB;15;;;;;;;;;;2;16.0;3.0;108.0;17.5
Aidan Hutchinson;Michigan;Sr.;DE;14;;;;;;;;;;3;12.0;4.0;73.0;14.0
Ali Fayad;Western Mich.;Sr.;DL;13;;;;;;;;;;-;11.0;4.0;79.0;13.0
Jermaine Johnson;Florida St.;Sr.;DE;12;;;;;;;;;;-;10.0;4.0;72.0;12.0
Josaiah Stewart;Coastal Carolina;Fr.;DE;13;;;;;;;;;;6;11.0;3.0;76.0;12.5
Javon Solomon;Troy;Fr.;DE;12;;;;;;;;;;7;10.0;2.0;67.0;11.0
Tristan Nichols;Nevada;Sr.;DT;11;;;;;;;;;;8;9.0;2.0;60.0;10.0
Will McDonald;Iowa St.;Jr.;DE;13;;;;;;;;;;9;10.0;3.0;75.0;11.5
Scott Patchan;Colorado St.;Sr.;DL;12;;;;;;;;;;10;9.0;3.0;79.0;10.5
Felix Anudike-Uzomah;Kansas St.;So.;DE;13;;;;;;;;;;11;11.0;0.0;56.0;11.0
Isaiah Foskey;Notre Dame;Jr.;DL;13;;;;;;;;;;-;11.0;0.0;127.0;11.0
Collin Oliver;Oklahoma St.;Fr.;DE;14;;;;;;;;;;13;11.0;1.0;76.0;11.5
Cameron Thomas;San Diego St.;Jr.;DL;14;;;;;;;;;;-;10.0;3.0;63.0;11.5
Sam Williams;Ole Miss;Sr.;DL;13;;;;;;;;;;15;10.0;1.0;58.0;10.5
Arnold Ebiketie;Penn St.;Sr.;DE;12;;;;;;;;;;16;9.0;1.0;62.0;9.5
Nick Hampton;App State;Jr.;LB;14;;;;;;;;;;17;11.0;0.0;55.0;11.0
David Ojabo;Michigan;Jr.;LB;14;;;;;;;;;;-;10.0;2.0;86.0;11.0
Yasir Abdullah;Louisville;Sr.;LB;13;;;;;;;;;;19;10.0;0.0;77.0;10.0
Jamal Hines;Toledo;Jr.;DE;13;;;;;;;;;;-;8.0;4.0;52.0;10.0
Chauncey Manac;Louisiana;Sr.;LB;14;;;;;;;;;;21;10.0;1.0;86.0;10.5
Clarence Hicks;UTSA;Sr.;LB;14;;;;;;;;;;-;9.0;3.0;66.0;10.5
Vince Sanford;Air Force;Jr.;LB;13;;;;;;;;;;23;9.0;1.0;91.0;9.5
Richard Jibunor;Troy;So.;DE;11;;;;;;;;;;24;7.0;2.0;67.0;8.0
Leo Chenal;Wisconsin;Jr.;LB;11;;;;;;;;;;-;6.0;4.0;63.0;8.0
Tyree Johnson;Texas A&M;Sr.;DL;12;;;;;;;;;;26;8.0;1.0;53.0;8.5
Demarvin Leal;Texas A&M;Jr.;DL;12;;;;;;;;;;-;7.0;3.0;44.0;8.5
Cody Roscoe;Syracuse;Sr.;DL;12;;;;;;;;;;-;6.0;5.0;45.0;8.5
Micheal Clemons;Texas A&M;Sr.;DL;10;;;;;;;;;;29;6.0;2.0;43.0;7.0
Jordan Ferguson;Middle Tenn.;Jr.;DL;13;;;;;;;;;;30;8.0;2.0;59.0;9.0
Derick Hall;Auburn;Jr.;DL;13;;;;;;;;;;-;8.0;2.0;49.0;9.0
Nick Herbig;Wisconsin;So.;LB;13;;;;;;;;;;-;8.0;2.0;57.0;9.0
Brock Martin;Oklahoma St.;Sr.;DE;13;;;;;;;;;;-;8.0;2.0;56.0;9.0
Eyioma Uwazurike;Iowa St.;Sr.;DE;13;;;;;;;;;;-;8.0;2.0;74.0;9.0
Troy Hairston;Central Mich.;Sr.;DL;13;;;;;;;;;;-;7.0;4.0;75.0;9.0
Lonnie Phelps;Miami (OH);Jr.;DL;13;;;;;;;;;;-;7.0;4.0;73.0;9.0
Cameron Goode;California;Sr.;LB;11;;;;;;;;;;37;6.0;3.0;59.0;7.5
Mika Tafua;Utah;Jr.;DE;14;;;;;;;;;;38;9.0;1.0;77.0;9.5
Isaiah Thomas;Oklahoma;Sr.;DL;12;;;;;;;;;;39;7.0;2.0;56.0;8.0
Kivon Bennett;Arkansas St.;Jr.;DL;12;;;;;;;;;;-;6.0;4.0;42.0;8.0
Zachary Carter;Florida;Sr.;DL;12;;;;;;;;;;-;6.0;4.0;44.0;8.0
Brenton Cox Jr.;Florida;Jr.;LB;13;;;;;;;;;;42;8.0;1.0;44.0;8.5
Tomon Fox;North Carolina;Sr.;LB;13;;;;;;;;;;-;7.0;3.0;59.0;8.5
Grayson Murphy;North Texas;So.;LB;13;;;;;;;;;;-;7.0;3.0;53.0;8.5
Nick Heninger;Utah St.;Sr.;DE;14;;;;;;;;;;45;9.0;0.0;61.0;9.0
Habakkuk Baldonado;Pittsburgh;Jr.;DL;14;;;;;;;;;;-;8.0;2.0;46.0;9.0
DeAngelo Malone;Western Ky.;Sr.;DE;14;;;;;;;;;;-;8.0;2.0;61.0;9.0
Luiji Vilain;Wake Forest;Sr.;DL;14;;;;;;;;;;-;8.0;2.0;56.0;9.0
Kayvon Thibodeaux;Oregon;So.;DE;11;;;;;;;;;;49;7.0;0.0;53.0;7.0
Karl Brooks;Bowling Green;Jr.;DL;12;;;;;;;;;;50;7.0;1.0;55.0;7.5
Mohamed Kamara;Colorado St.;Jr.;LB;12;;;;;;;;;;-;6.0;3.0;39.0;7.5
Joe Ozougwu;Arkansas St.;Sr.;DL;12;;;;;;;;;;-;5.0;5.0;36.0;7.5
Kameron Butler;Miami (OH);Sr.;DL;13;;;;;;;;;;53;8.0;0.0;43.0;8.0
Jonah Tavai;San Diego St.;Sr.;DL;14;;;;;;;;;;54;7.0;3.0;57.0;8.5
Phidarian Mathis;Alabama;Sr.;DL;15;;;;;;;;;;55;8.0;2.0;52.0;9.0
Viliami Fehoko;San Jose St.;Jr.;DL;12;;;;;;;;;;56;7.0;0.0;30.0;7.0
Scott Matlock;Boise St.;Jr.;DT;12;;;;;;;;;;-;7.0;0.0;42.0;7.0
Nik Bonitto;Oklahoma;Jr.;LB;12;;;;;;;;;;-;6.0;2.0;39.0;7.0
Terrel Bernard;Baylor;Sr.;LB;13;;;;;;;;;;59;7.0;1.0;53.0;7.5
Tyrus Wheat;Mississippi St.;Sr.;LB;13;;;;;;;;;;-;7.0;1.0;52.0;7.5
Jordan Jackson;Air Force;Sr.;DL;13;;;;;;;;;;-;5.0;5.0;79.0;7.5
Devin Lloyd;Utah;Jr.;LB;14;;;;;;;;;;62;8.0;0.0;60.0;8.0
Rondell Bothroyd;Wake Forest;So.;DL;14;;;;;;;;;;-;7.0;2.0;45.0;8.0
Dallas Turner;Alabama;Fr.;LB;15;;;;;;;;;;64;8.0;1.0;52.0;8.5
Marcus Valdez;Boston College;Sr.;DE;9;;;;;;;;;;65;5.0;0.0;49.0;5.0
Owen Carney, Jr.;Illinois;Sr.;LB;12;;;;;;;;;;66;6.0;1.0;40.0;6.5
Kyron Johnson;Kansas;Sr.;DE;12;;;;;;;;;;-;6.0;1.0;41.0;6.5
DeVere Levelston;SMU;Jr.;DT;12;;;;;;;;;;-;6.0;1.0;30.0;6.5
Micah McFadden;Indiana;Sr.;LB;12;;;;;;;;;;-;6.0;1.0;56.0;6.5
Joey Noble;New Mexico;Sr.;DL;12;;;;;;;;;;-;6.0;1.0;38.0;6.5
Keir Thomas;Florida St.;Sr.;DE;12;;;;;;;;;;-;6.0;1.0;26.0;6.5
Daymond Williams;Buffalo;Jr.;DT;12;;;;;;;;;;-;6.0;1.0;42.0;6.5
Jacoby Windmon;UNLV;Jr.;LB;12;;;;;;;;;;-;6.0;1.0;41.0;6.5
Jeffrey Gunter;Coastal Carolina;Sr.;DE;12;;;;;;;;;;-;5.0;3.0;59.0;6.5
Eku Leota;Auburn;Jr.;DL;13;;;;;;;;;;75;7.0;0.0;40.0;7.0
Boye Mafe;Minnesota;Sr.;DL;13;;;;;;;;;;-;7.0;0.0;41.0;7.0
Darius Muasau;Hawaii;Jr.;LB;13;;;;;;;;;;-;7.0;0.0;47.0;7.0
Dante Stills;West Virginia;Sr.;DL;13;;;;;;;;;;-;7.0;0.0;51.0;7.0
Tyree Wilson;Texas Tech;Jr.;DL;13;;;;;;;;;;-;7.0;0.0;58.0;7.0
D'Anthony Jones;Houston;Jr.;DL;13;;;;;;;;;;-;6.0;2.0;47.0;7.0
Myles Murphy;Clemson;So.;DE;13;;;;;;;;;;-;6.0;2.0;38.0;7.0
BJ Ojulari;LSU;So.;DE;13;;;;;;;;;;-;6.0;2.0;51.0;7.0
Kevin Atkins;Fresno St.;Sr.;DL;13;;;;;;;;;;-;5.0;4.0;39.0;7.0
Storey Jackson;Liberty;Sr.;LB;13;;;;;;;;;;-;5.0;4.0;49.0;7.0
Gabriel Murphy;North Texas;So.;LB;13;;;;;;;;;;-;5.0;4.0;52.0;7.0
David Perales;Fresno St.;Sr.;DE;13;;;;;;;;;;-;5.0;4.0;56.0;7.0
Jacub Panasiuk;Michigan St.;Sr.;DL;13;;;;;;;;;;-;4.0;6.0;51.0;7.0
Curtis Brooks;Cincinnati;Sr.;DL;14;;;;;;;;;;88;6.0;3.0;46.0;7.5
Joe Evans;Iowa;Jr.;DE;14;;;;;;;;;;89;6.0;2.0;47.0;7.0
Calijah Kancey;Pittsburgh;So.;DL;14;;;;;;;;;;-;6.0;2.0;58.0;7.0
Demetrius Taylor;App State;Sr.;DL;14;;;;;;;;;;-;6.0;2.0;43.0;7.0
Lukas Van Ness;Iowa;Fr.;DL;14;;;;;;;;;;-;6.0;2.0;46.0;7.0
Sam Hammond;Nevada;Sr.;DE;13;;;;;;;;;;-;6.0;1.0;67.0;6.5
Zi'Yon Hill;Louisiana;Jr.;DL;13;;;;;;;;;;-;6.0;1.0;42.0;6.5
Cedric Johnson;Ole Miss;So.;LB;13;;;;;;;;;;-;6.0;1.0;28.0;6.5
Jose Ramirez;Eastern Mich.;So.;DL;13;;;;;;;;;;-;6.0;1.0;42.0;6.5
Jadrian Taylor;UTEP;Jr.;DE;13;;;;;;;;;;-;6.0;1.0;31.0;6.5
John Wesley Whiteside;Central Mich.;Jr.;DL;13;;;;;;;;;;-;5.0;3.0;32.0;6.5
Logan Hall;Houston;Jr.;DL;13;;;;;;;;;;-;4.0;5.0;46.0;6.5
Isaiah Bagnah;Boise St.;So.;DE;12;;;;;;;;;;-;6.0;0.0;32.0;6.0
Cam'Ron Carter;Colorado St.;Sr.;LB;12;;;;;;;;;;-;6.0;0.0;33.0;6.0
Turner Coxe;SMU;Sr.;DE;12;;;;;;;;;;-;6.0;0.0;36.0;6.0
Drake Thomas;NC State;So.;LB;12;;;;;;;;;;-;6.0;0.0;20.0;6.0
Markees Watts;Charlotte;Sr.;DE;12;;;;;;;;;;-;6.0;0.0;41.0;6.0
Levi Jones;NC State;Jr.;LB;12;;;;;;;;;;-;5.0;2.0;40.0;6.0
Stefon Thompson;Syracuse;So.;LB;12;;;;;;;;;;-;5.0;2.0;34.0;6.0
J.J. Weaver;Kentucky;So.;LB;12;;;;;;;;;;-;5.0;2.0;39.0;6.0
Tre Williams;Arkansas;Sr.;DL;12;;;;;;;;;;-;5.0;2.0;26.0;6.0
Alex Wright;UAB;Jr.;DE;12;;;;;;;;;;-;4.0;4.0;46.0;6.0
Byron Young;Tennessee;Jr.;DL;11;;;;;;;;;;-;5.0;1.0;49.0;5.5
Kyon Barrs;Arizona;So.;DL;10;;;;;;;;;;-;4.0;2.0;34.0;5.0
Kyler Laing;Buffalo;So.;DL;9;;;;;;;;;;-;4.0;1.0;32.0;4.5
Gabe Hall;Baylor;So.;DL;13;;;;;;;;;;113;6.0;0.0;23.0;6.0
Arron Mosby;Fresno St.;Sr.;DE;13;;;;;;;;;;-;6.0;0.0;40.0;6.0
Jamil Muhammad;Georgia St.;So.;LB;13;;;;;;;;;;-;6.0;0.0;69.0;6.0
Sam Okuayinonu;Maryland;Sr.;DL;13;;;;;;;;;;-;6.0;0.0;55.0;6.0
Big Kat Bryant;UCF;Sr.;DL;13;;;;;;;;;;-;5.0;2.0;31.0;6.0
Chance Campbell;Ole Miss;Sr.;LB;13;;;;;;;;;;-;5.0;2.0;36.0;6.0
Anthony Goodlow;Tulsa;Jr.;DL;13;;;;;;;;;;-;5.0;2.0;33.0;6.0
Isaiah McGuire;Missouri;Jr.;DL;13;;;;;;;;;;-;5.0;2.0;36.0;6.0
Ralph Holley;Western Mich.;Sr.;DL;13;;;;;;;;;;-;4.0;4.0;42.0;6.0
Andrezj Hughes-Murray;Oregon St.;Sr.;LB;13;;;;;;;;;;-;4.0;4.0;27.0;6.0
Trenton Simpson;Clemson;So.;LB;13;;;;;;;;;;-;4.0;4.0;45.0;6.0
Damone Clark;LSU;Sr.;LB;12;;;;;;;;;;124;5.0;1.0;40.0;5.5
Haskell Garrett;Ohio St.;Sr.;DL;12;;;;;;;;;;-;5.0;1.0;31.0;5.5
Daniel Grzesiak;Nevada;Jr.;DE;12;;;;;;;;;;-;5.0;1.0;28.0;5.5
Zach McCloud;Miami (FL);Sr.;LB;12;;;;;;;;;;-;5.0;1.0;50.0;5.5
Joshua Paschal;Kentucky;Sr.;DL;12;;;;;;;;;;-;5.0;1.0;39.0;5.5
Ty Shelby;ULM;Sr.;DE;12;;;;;;;;;;-;5.0;1.0;41.0;5.5
Tuli Tuipulotu;Southern California;So.;DL;12;;;;;;;;;;-;5.0;1.0;39.0;5.5
Carson Wells;Colorado;Sr.;LB;12;;;;;;;;;;-;5.0;1.0;16.0;5.5
Perrion Winfrey;Oklahoma;Sr.;DL;12;;;;;;;;;;-;4.0;3.0;29.0;5.5
Darius Hodges;Tulane;Fr.;DE;11;;;;;;;;;;133;5.0;0.0;31.0;5.0
Drake Jackson;Southern California;Jr.;LB;11;;;;;;;;;;-;5.0;0.0;30.0;5.0
Kendy Charles;Liberty;Fr.;DT;11;;;;;;;;;;-;4.0;2.0;34.0;5.0
Tre'mon Morris-Brash;UCF;Jr.;DL;11;;;;;;;;;;-;4.0;2.0;31.0;5.0
Robert Beal Jr.;Georgia;Sr.;LB;15;;;;;;;;;;137;6.0;1.0;57.0;6.5
D'Marco Jackson;App State;Sr.;LB;14;;;;;;;;;;138;6.0;0.0;38.0;6.0
Devin Harper;Oklahoma St.;Sr.;LB;14;;;;;;;;;;-;5.0;2.0;45.0;6.0
Andre Jones;Louisiana;Jr.;DL;14;;;;;;;;;;-;4.0;4.0;26.0;6.0
Praise Amaewhule;UTEP;So.;DL;13;;;;;;;;;;141;5.0;1.0;23.0;5.5
Jeremy Banks;Tennessee;Jr.;LB;13;;;;;;;;;;-;5.0;1.0;35.0;5.5
Blake Carroll;Georgia St.;Sr.;LB;13;;;;;;;;;;-;5.0;1.0;30.0;5.5
Marcus Haynes;Old Dominion;Jr.;DE;13;;;;;;;;;;-;5.0;1.0;39.0;5.5
Jeff Pietrowski;Michigan St.;So.;DE;13;;;;;;;;;;-;5.0;1.0;38.0;5.5
Thomas Rush;Minnesota;Sr.;DL;13;;;;;;;;;;-;5.0;1.0;51.0;5.5
KD Davis;North Texas;Sr.;LB;13;;;;;;;;;;-;4.0;3.0;36.0;5.5
Eli Neal;Marshall;So.;LB;13;;;;;;;;;;-;4.0;3.0;28.0;5.5
Dom Peterson;Nevada;Sr.;DT;13;;;;;;;;;;-;4.0;3.0;30.0;5.5
Jasheen Davis;Wake Forest;Fr.;DL;13;;;;;;;;;;-;3.0;5.0;28.0;5.5
